{
  "id": "3592622",
  "name": "wl_hkzf",
  "font_family": "iconfont",
  "css_prefix_text": "icon-",
  "description": "",
  "glyphs": [
    {
      "icon_id": "15838451",
      "name": "chart-pie",
      "font_class": "chart-pie",
      "unicode": "e668",
      "unicode_decimal": 58984
    },
    {
      "icon_id": "15838453",
      "name": "customer-service",
      "font_class": "customer-service",
      "unicode": "e66a",
      "unicode_decimal": 58986
    },
    {
      "icon_id": "15838474",
      "name": "favorite",
      "font_class": "favorite",
      "unicode": "e66f",
      "unicode_decimal": 58991
    },
    {
      "icon_id": "15838485",
      "name": "home",
      "font_class": "home",
      "unicode": "e674",
      "unicode_decimal": 58996
    },
    {
      "icon_id": "15838490",
      "name": "image-text",
      "font_class": "image-text",
      "unicode": "e675",
      "unicode_decimal": 58997
    },
    {
      "icon_id": "15838547",
      "name": "user",
      "font_class": "user",
      "unicode": "e683",
      "unicode_decimal": 59011
    },
    {
      "icon_id": "35104164",
      "name": "位置",
      "font_class": "weizhi",
      "unicode": "e60a",
      "unicode_decimal": 58890
    },
    {
      "icon_id": "1270",
      "name": "错误",
      "font_class": "cuowu",
      "unicode": "e600",
      "unicode_decimal": 58880
    },
    {
      "icon_id": "31331978",
      "name": "搜索",
      "font_class": "sousuo",
      "unicode": "e606",
      "unicode_decimal": 58886
    },
    {
      "icon_id": "772246",
      "name": "购物 购物车 订购",
      "font_class": "gouwugouwuchedinggou",
      "unicode": "e682",
      "unicode_decimal": 59010
    },
    {
      "icon_id": "5387529",
      "name": "加载_刷新",
      "font_class": "jiazai_shuaxin",
      "unicode": "eaf4",
      "unicode_decimal": 60148
    },
    {
      "icon_id": "30797724",
      "name": "向右",
      "font_class": "xiangyou",
      "unicode": "e65c",
      "unicode_decimal": 58972
    },
    {
      "icon_id": "30797725",
      "name": "向下",
      "font_class": "xiangxia",
      "unicode": "e65b",
      "unicode_decimal": 58971
    }
  ]
}
